"#",Jurisdiction,Kind,Display Key,Lens ID,Publication Date,Publication Year,Application Number,Application Date,Priority Numbers,Earliest Priority Date,Title,Abstract,Applicants,Inventors,Owners,URL,Document Type,Has Full Text,Cites Patent Count,Cited by Patent Count,Simple Family Size,Simple Family Members,Simple Family Member Jurisdictions,Extended Family Size,Extended Family Members,Extended Family Member Jurisdictions,Sequence Count,CPC Classifications,IPCR Classifications,US Classifications,NPL Citation Count,NPL Resolved Citation Count,NPL Resolved Lens ID(s),NPL Resolved External ID(s),NPL Citations,Legal Status
1,WO,A1,WO 2020/004937 A1,166-671-247-941-986,2020-01-02,2020,PCT/KR2019/007730,2019-06-26,KR 20180073320 A,2018-06-26,ANTI-BCMA ANTIBODY-DRUG CONJUGATE AND USE THEREOF,"Provided are an antibody-drug conjugate in which a cytotoxic drug is conjugated to an antibody binding specifically to BCMA or an antigen-binding fragment thereof, and a use thereof. According to the present invention, the conjugate can be used for effectively preventing or treating cancer, without toxicity.",TSD LIFE SCIENCES CO LTD,KIM JUHEE;;CHANG MIKYUNG;;SONG DAEHAE;;PAK YOUNGDON;;LEE BORA;;EOM JAEHYUN;;JUNG JINWON;;SUNG BYUNGJE;;YEOM DONGHOON;;AHN JINHYUNG;;PARK KYUNGJIN;;LEE YANGSOON;;LEE SOO-HAN;;PARK JONG-SHIK;;LEE JAEYEON;;CHOI AREUM,,https://lens.org/166-671-247-941-986,Patent Application,yes,5,0,14,196-104-040-475-33X;;133-727-350-313-526;;071-196-046-801-907;;093-214-768-613-11X;;031-071-694-545-358;;066-223-495-203-443;;166-671-247-941-986;;060-773-054-804-903;;006-106-149-907-967;;140-701-227-639-57X;;178-328-745-094-422;;171-836-757-354-240;;128-373-717-894-907;;093-934-613-347-932,US;;WO;;CN;;JP;;CA;;KR;;EP,14,196-104-040-475-33X;;133-727-350-313-526;;071-196-046-801-907;;093-214-768-613-11X;;031-071-694-545-358;;066-223-495-203-443;;166-671-247-941-986;;060-773-054-804-903;;006-106-149-907-967;;140-701-227-639-57X;;178-328-745-094-422;;171-836-757-354-240;;128-373-717-894-907;;093-934-613-347-932,US;;WO;;CN;;JP;;CA;;KR;;EP,34,C07K16/2878;;A61P35/00;;C07K2317/32;;C07K2317/33;;C07K2317/565;;C07K2317/76;;C07K2317/92;;A61K47/6803;;A61K31/40;;A61K47/6849;;A61K47/6851;;C07K16/2878;;C07K16/2878;;A61K47/6849;;A61K2039/505;;A61P35/00;;C07K16/30;;C07K2317/33;;C07K2317/565;;C07K2317/732;;C07K2317/76;;C07K2317/92,A61K47/68;;A61K31/40;;C07K16/28,,1,1,072-732-972-016-185,pmc4023420;;24569262;;10.1182/blood-2013-10-535088,"TAI, Y.-T. ET AL.: ""Novel anti-B- cell maturation antigen antibody-drug conjugate (GSK2857916) selectively induces killing of multiple myeloma"", BLOOD, vol. 123, no. 20, May 2014 (2014-05-01), pages 3128 - 3138, XP009505860",PENDING
2,MX,A,MX 2022002592 A,027-210-615-663-296,2022-03-25,2022,2022002592,2020-07-27,KR 20190109807 A;;KR 20200041527 A;;IB 2020000649 W,2019-09-04,"ANTIBODY-DRUG CONJUGATE COMPRISING ANTIBODY AGAINST HUMAN ROR1, AND USE FOR THE SAME.","The present invention relates to new antibody-drug conjugates (ADCs) targeting ROR1, active metabolites of such ADCs, methods for preparation of such ADCs, uses for such ADCs in treatment and/or prevention of illnesses, and uses for such ADCs in production of drugs for treatment and/or prevention of diseases, more specifically diseases associated with over-expression of ROR1, for example cancer. More specifically, the present invention relates to an antibody-drug conjugate comprising an antibody that binds to ROR1 or an antigen-binding fragment thereof, and a pharmaceutical composition comprising the same.",LEGOCHEM BIOSCIENCES INC,KANG DAE HYUCK;;KIM YONG ZU;;LEE JU YOUNG;;CHAE JEIWOOK;;KIM HYOUNG RAE;;PARK YUN HEE;;SONG HO YOUNG;;AHN JINHYUNG;;EOM JAEHYUN;;KIM JUHEE;;JUNG JINWON;;SUNG BYUNGJE;;PARK KYUNG EUN;;LEE HYEUN JOUNG;;KIM SUNG MIN;;LEE BORA;;YEOM DONGHOON;;SONG DAEHAE;;OH JI HYE;;RYU HYUN MIN;;LEE YANGSOON;;YOO JISEON;;PARK MINJI;;LEE CHANG SUN;;PARK KYUNGJIN;;BAEK JU YUEL;;HAN NARA;;YANG YOUNG-JAE;;YOU JI-NA;;HONG YOUNGEUN,,https://lens.org/027-210-615-663-296,Patent Application,no,0,0,28,105-061-852-724-559;;093-774-901-467-349;;171-266-252-754-298;;180-068-866-368-876;;130-301-980-653-720;;024-719-541-334-053;;128-777-134-167-75X;;006-252-780-553-094;;058-893-310-630-354;;061-399-035-011-931;;039-884-397-579-286;;188-976-711-451-338;;109-902-242-271-897;;044-527-213-747-288;;012-707-936-149-270;;024-999-760-866-462;;078-303-056-659-698;;126-269-024-182-816;;176-879-684-897-915;;033-936-899-566-163;;123-426-337-830-471;;027-210-615-663-296;;173-609-168-640-778;;005-645-827-473-739;;182-486-351-991-356;;141-081-197-364-465;;199-658-088-334-193;;094-000-358-666-326,TW;;US;;MX;;IL;;CN;;WO;;JP;;AU;;CA;;BR;;KR;;EP,28,105-061-852-724-559;;093-774-901-467-349;;171-266-252-754-298;;180-068-866-368-876;;130-301-980-653-720;;024-719-541-334-053;;128-777-134-167-75X;;006-252-780-553-094;;058-893-310-630-354;;061-399-035-011-931;;039-884-397-579-286;;188-976-711-451-338;;109-902-242-271-897;;044-527-213-747-288;;012-707-936-149-270;;024-999-760-866-462;;078-303-056-659-698;;126-269-024-182-816;;176-879-684-897-915;;033-936-899-566-163;;123-426-337-830-471;;027-210-615-663-296;;173-609-168-640-778;;005-645-827-473-739;;182-486-351-991-356;;141-081-197-364-465;;199-658-088-334-193;;094-000-358-666-326,TW;;US;;MX;;IL;;CN;;WO;;JP;;AU;;CA;;BR;;KR;;EP,0,A61K47/6801;;A61K45/00;;A61P35/00;;A61P35/02;;A61P35/00;;C07K16/2803;;A61K47/6849;;A61K47/6851;;A61K47/6889;;A61K47/68031;;A61K47/68035;;A61K47/6849;;C07K16/2803;;A61K47/6851;;A61P35/00;;A61K47/6889;;A61K47/68031;;A61K47/68035;;A61K47/6849;;A61K47/6889;;A61K47/6851;;A61K47/6803;;A61K31/706;;A61P35/00;;C07K16/2803;;A61K47/6849;;A61P35/00;;C07K16/2803;;A61K47/68031;;A61K47/68035,A61K47/68;;A61K31/5517;;A61P35/00;;C07K16/28,,0,0,,,,PENDING
3,MX,A,MX 2021006428 A,160-101-746-595-528,2021-11-17,2021,2021006428,2020-08-12,CN 2019100162 W;;CN 2019104508 W;;CN 2020071954 W;;CN 2020087968 W;;CN 2020108707 W,2019-08-12,ANTI-CLAUDIN 18.2 AND ANTI-4-1BB BISPECIFIC ANTIBODIES AND USES THEREOF.,"Provided are bispecific and multi-specific antibodies that target both claudin 18.2 (CLDN18.2) and 4-1BB. These antibodies, in the absence of CLDN18.2-expressing cells, can bind to 4-1BB but are unable to activate 4-1BB signaling. In the presence of CLDN18.2-expressing cells, however, these antibodies can trigger CLDN18.2-dependent 4-1BB signaling, leading to potent immune response to the CLDN18.2-expressing tumor cells.",I MAB BIOPHARMA US LTD,FANG LEI;;WANG ZHENGYI;;GUO BINGSHI;;SUNG EUNSIL;;SUNG BYUNGJE;;PARK EUNYOUNG;;JIANG WENQING,,https://lens.org/160-101-746-595-528,Patent Application,no,0,0,30,078-851-160-474-084;;053-191-699-127-715;;125-975-829-103-793;;153-601-768-371-071;;183-819-641-631-788;;185-353-517-086-517;;171-302-695-215-520;;049-056-269-054-441;;076-884-496-867-955;;142-149-280-717-449;;172-751-555-974-066;;046-308-072-833-950;;176-955-877-036-136;;034-118-469-726-085;;176-354-412-381-657;;070-837-454-760-121;;181-138-513-879-643;;010-200-761-266-049;;106-704-168-242-134;;140-288-405-485-977;;058-319-487-715-402;;128-509-213-228-230;;140-146-973-733-218;;069-532-162-520-334;;091-521-166-319-746;;099-441-034-568-40X;;013-009-401-827-301;;160-101-746-595-528;;023-908-057-377-453;;079-083-853-213-714,CO;;PH;;MY;;WO;;CN;;SG;;AU;;NZ;;CA;;KR;;BR;;EP;;PE;;US;;CL;;MX;;IL;;JP,30,078-851-160-474-084;;053-191-699-127-715;;125-975-829-103-793;;153-601-768-371-071;;183-819-641-631-788;;185-353-517-086-517;;171-302-695-215-520;;049-056-269-054-441;;076-884-496-867-955;;142-149-280-717-449;;172-751-555-974-066;;046-308-072-833-950;;176-955-877-036-136;;070-837-454-760-121;;176-354-412-381-657;;034-118-469-726-085;;181-138-513-879-643;;010-200-761-266-049;;106-704-168-242-134;;140-288-405-485-977;;058-319-487-715-402;;128-509-213-228-230;;140-146-973-733-218;;069-532-162-520-334;;079-083-853-213-714;;160-101-746-595-528;;013-009-401-827-301;;099-441-034-568-40X;;091-521-166-319-746;;023-908-057-377-453,CO;;PH;;MY;;WO;;CN;;SG;;AU;;NZ;;CA;;KR;;BR;;EP;;PE;;US;;CL;;MX;;IL;;JP,0,C07K16/28;;A61P35/00;;C07K16/2878;;C07K2317/31;;C07K2317/75;;C07K2317/71;;C07K2317/64;;C07K2317/622;;C07K2317/55;;A61K2039/505;;C07K2317/41;;C07K2317/92;;C07K16/2878;;C07K2317/75;;A61P35/00;;C07K2317/31;;C07K16/28;;C07K2317/622;;A61K2039/505;;C07K2317/71;;C07K2317/64;;C07K2317/55;;C07K16/28;;C07K16/2878;;A61P35/00;;C07K2317/31;;C07K2317/75;;C07K2317/71;;C07K2317/73;;C07K2317/41;;C07K2317/55;;C07K2317/622;;C07K2317/565;;C07K2317/56;;A61K2039/505;;A61P35/00;;A61K2039/505;;C07K16/28;;C07K16/2878;;C07K2317/31;;C07K2317/52;;C07K2317/622;;C07K2317/92,A61P35/00;;A61K39/395;;C07K16/28;;C12N15/13,,0,0,,,,PENDING
4,WO,A2,WO 2011/049412 A2,064-397-013-700-971,2011-04-28,2011,PCT/KR2010/007303,2010-10-22,KR 20090101254 A;;KR 20100103523 A,2009-10-23,HUMAN RECOMBINANT MONOCLONAL ANTIBODY THAT SPECIFICALLY BINDS TO VCAM-1 AND INHIBITS ADHESION AND TRANSMIGRATION BETWEEN LEUKOCYTES AND ENDOTHELIAL CELLS,"The present invention relates to a human recombinant monoclonal antibody that specifically binds to human Vascular Cell Adhesion Molecule-1 (VCAM-1) to inhibit adhesion between leukocytes and activated endothelial cells and transmigration of leukocytes through the activated endothelial cells, and a prophylactic and therapeutic composition for inflammatory disease or cancer comprising the same. The human recombinant monoclonal antibody according to the present invention shows a strong affinity to VCAM-1 expressed on human endothelial cell, and effectively inhibits VCAM-1-mediated adhesion between leukocytes and activated endothelial cells and transmigration of leukocytes through the activated endothelial cells, thereby being used for the prevention and treatment of inflammatory disease such as asthma and arthritis, transplant rejection, cardiovascular disease, and cancer.",HANWHA CHEMICAL CORP;;LEE JUNGTAE;;MOON KYUNGDUK;;YOON JIYONG;;SUNG BYUNGJE;;LEE DONGHEON;;LEE DONGEUN;;RYU SUYEON;;SHIM HYUNBO;;KANG KYUNG JAE,LEE JUNGTAE;;MOON KYUNGDUK;;YOON JIYONG;;SUNG BYUNGJE;;LEE DONGHEON;;LEE DONGEUN;;RYU SUYEON;;SHIM HYUNBO;;KANG KYUNG JAE,,https://lens.org/064-397-013-700-971,Patent Application,yes,2,9,11,061-472-729-743-350;;040-844-751-300-188;;041-719-028-247-57X;;116-324-797-135-858;;138-843-240-482-548;;103-401-478-663-949;;032-336-090-121-367;;064-397-013-700-971;;163-516-864-130-952;;134-364-933-204-694;;112-924-363-787-81X,US;;CN;;WO;;JP;;BR;;KR;;EP,11,061-472-729-743-350;;040-844-751-300-188;;041-719-028-247-57X;;134-364-933-204-694;;064-397-013-700-971;;103-401-478-663-949;;032-336-090-121-367;;138-843-240-482-548;;163-516-864-130-952;;116-324-797-135-858;;112-924-363-787-81X,US;;WO;;CN;;JP;;KR;;BR;;EP,20,C07K14/70542;;A61K2039/505;;A61P1/04;;A61P3/06;;A61P3/10;;A61P9/00;;A61P9/06;;A61P9/10;;A61P9/12;;A61P11/00;;A61P11/06;;A61P17/06;;A61P19/02;;A61P19/06;;A61P25/00;;A61P27/02;;A61P29/00;;A61P31/04;;A61P31/10;;A61P33/06;;A61P35/00;;A61P37/00;;A61P37/06;;C07K16/2836;;C07K2317/24;;C07K2319/30;;G01N33/5758;;G01N33/577;;G01N33/6893;;G01N33/74;;G01N2333/525;;G01N2333/70542;;G01N2800/24;;G01N2800/32;;Y02A50/30;;C07K14/70542;;A61K2039/505;;C07K16/2836;;C07K2317/24;;C07K2319/30;;G01N33/5758;;G01N33/577;;G01N33/6893;;G01N33/74;;G01N2333/525;;G01N2333/70542;;G01N2800/24;;G01N2800/32;;Y02A50/30,C07K16/18;;A61K39/395;;A61P35/00;;C12N15/13;;G01N33/577,,3,2,035-046-067-474-862;;036-275-312-071-22X,pmc41767;;10.1073/pnas.92.12.5714;;7539925;;10.4049/jimmunol.155.6.3135;;7545712,"PNAS, vol. 92, 1995, pages 5714;;THE JOURNAL OF IMMUNOLOGY, vol. 155, 1995, pages 3135;;See references of EP 2491057A4",PENDING
5,WO,A1,WO 2023/195810 A1,143-214-418-716-188,2023-10-12,2023,PCT/KR2023/004686,2023-04-06,KR 20220043555 A,2022-04-07,PHARMACEUTICAL COMPOSITION FOR TREATING OR PREVENTING CANCER WITH LOW EXPRESSION LEVEL OF HER2,Provided are a pharmaceutical composition and a method for the treatment and/or prevention of HER2-low expressing and/or FcγRI-expressing cancers using anti-4-1BB/anti-HER2 bispecific antibodies.,YUHAN CORP,LEE EUNJUNG;;LEE EUN-JUNG;;KIM JUN HWAN;;CHOI MINJI;;SHIN JANG WOO;;CHUNG HYEJIN;;LEE YANGSOON;;SON WONJUN,,https://lens.org/143-214-418-716-188,Patent Application,yes,5,0,10,167-386-195-384-64X;;142-868-246-347-721;;177-507-164-582-433;;016-508-727-479-453;;153-537-910-508-259;;144-420-347-812-036;;143-214-418-716-188;;170-273-684-475-136;;009-603-873-943-121;;090-514-598-402-410,US;;MX;;WO;;CN;;JP;;AU;;KR;;CA;;EP,10,167-386-195-384-64X;;177-507-164-582-433;;142-868-246-347-721;;016-508-727-479-453;;153-537-910-508-259;;144-420-347-812-036;;143-214-418-716-188;;009-603-873-943-121;;170-273-684-475-136;;090-514-598-402-410,US;;MX;;WO;;CN;;JP;;AU;;KR;;CA;;EP,90,C07K16/32;;C07K2317/21;;C07K16/2878;;C07K2317/31;;C07K2317/622;;C07K2317/92;;C07K2317/64;;C07K2317/76;;C07K2317/732;;C07K2317/75;;C07K16/2818;;A61K2039/505;;A61K2039/507;;A61K2039/545;;A61P35/00;;C07K16/2878;;C07K16/32;;A61P35/00;;C07K2317/31;;C07K2317/622;;C07K2317/732;;C07K2317/92;;A61K2039/505;;A61P35/00;;C07K16/2818;;C07K16/2878;;C07K16/32;;C07K2317/31;;C07K2317/622,C07K16/28;;A61K39/00;;A61P35/00;;C07K16/32,,3,2,108-450-250-172-468;;046-600-896-120-521,10.1016/j.annonc.2021.08.1066;;10.1158/1538-7445.am2022-1139,"LEE E., H. CHUNG, Y. LEE, E-J. LEE, Y.B. PARK, Y. KIM, J.Y. PARK, S. AHN, J. KIM, K.K. AHN, K. PARK, W. SON, D. YEOM, J. JUNG, J. : ""544P A novel HER2/4-1BB bispecific antibody, YH32367 (ABL105) exerts significant anti-tumor effects through tumor-directed T cell activation"", ANNALS OF ONCOLOGY, vol. 32, no. S5, 1 September 2021 (2021-09-01), pages S60 - S608, XP093096083, ISSN: 0923-7534, DOI: 10.1016/j.annonc.2021.08.1066;;LEE EUNJUNG, HYEJIN CHUNG; YANGSOON LEE; EUN-JUNG LEE; YOUNG BONG PARK; JU YOUNG PARK; SUJIN AHN; JUNHWAN KIM; KYOUNG KYU AHN; KYE: ""Abstract 1139: A novel HER2/4-1BB bispecific antibody, YH32367 (ABL105) exhibits the optimal efficacy and superior safety profile through tumor-directed 4-1BB agonism | | American Association for Cancer Research"", CANCER RESEARCH POSTER PRESENTATIONS, vol. 82, no. 12_Suppl., 15 June 2022 (2022-06-15), XP093096085, DOI: 10.1158/1538-7445.AM2022-1139;;See also references of EP 4504790A4",PENDING
6,CA,A1,CA 2917402 A1,005-975-393-255-196,2015-01-15,2015,2917402,2014-07-08,KR 20130080523 A;;KR 2014006090 W,2013-07-09,NOVEL DUAL-TARGETING PROTEIN BINDING SPECIFICALLY TO DLL4 AND VEGF AND USE THEREOF,The present invention relates to a dual-targeted protein comprising: a novel protein specifically binding to delta like ligand 4 (DLL4); and an antibody specifically binding to a vascular endothelial cell growth factor (VEGF).,HANWHA CHEMICAL CORP,LEE DONG HEON;;MOON KYUNG DUK;;CHOI YU BIN;;KANG KYUNG JAE;;KIM DONG IN;;AHN JIN HYUNG;;YOU WEON KYOO;;JUNG JINWON,,https://lens.org/005-975-393-255-196,Patent Application,no,0,0,21,078-325-094-202-012;;185-572-533-762-466;;174-496-310-679-808;;040-544-582-900-11X;;101-932-661-415-150;;166-797-698-395-72X;;110-369-568-236-218;;034-013-126-655-659;;144-121-369-745-161;;151-251-721-086-759;;114-306-134-834-365;;005-975-393-255-196;;091-864-294-996-156;;106-548-415-687-746;;114-350-353-706-003;;087-492-933-886-14X;;036-449-964-807-906;;146-964-406-216-030;;104-098-215-245-726;;173-607-061-936-318;;013-585-693-886-201,PL;;TR;;RU;;US;;ES;;WO;;CN;;JP;;AU;;KR;;CA;;EP,21,078-325-094-202-012;;185-572-533-762-466;;174-496-310-679-808;;040-544-582-900-11X;;101-932-661-415-150;;166-797-698-395-72X;;110-369-568-236-218;;034-013-126-655-659;;144-121-369-745-161;;151-251-721-086-759;;114-306-134-834-365;;005-975-393-255-196;;091-864-294-996-156;;106-548-415-687-746;;114-350-353-706-003;;087-492-933-886-14X;;036-449-964-807-906;;146-964-406-216-030;;104-098-215-245-726;;173-607-061-936-318;;013-585-693-886-201,PL;;TR;;RU;;US;;ES;;WO;;CN;;JP;;AU;;KR;;CA;;EP,23,C07K16/468;;A61K2039/505;;A61P1/02;;A61P1/04;;A61P1/16;;A61P1/18;;A61P5/00;;A61P11/00;;A61P13/08;;A61P13/10;;A61P13/12;;A61P15/00;;A61P17/00;;A61P19/00;;A61P25/00;;A61P35/00;;A61P35/02;;C07K16/22;;C07K16/28;;C07K2317/31;;C07K2317/34;;C07K2317/622;;C07K2317/64;;C07K2317/76;;C07K2317/92;;C07K16/2803;;C07K16/286;;C07K2317/622;;C07K16/00;;A61K39/00;;C07K1/00;;C07K16/46;;C07K16/468;;C07K16/468;;A61K2039/505;;C07K16/22;;C07K16/28;;C07K2317/31;;C07K2317/34;;C07K2317/622;;C07K2317/64;;C07K2317/76;;C07K2317/92;;G01N33/57585;;G01N33/5759;;G01N2333/475;;G01N2333/705,C07K16/46;;C07K19/00;;C12N15/62;;G01N33/574,,0,0,,,,ACTIVE
7,WO,A3,WO 2010/114312 A3,182-957-709-485-318,2011-03-31,2011,PCT/KR2010/001988,2010-03-31,KR 20090027721 A,2009-03-31,HUMAN MONOCLONAL ANTIBODY THAT SPECIFICALLY BINDS TO VCAM-1 AND A COMPOSITION FOR TREATING AN INFLAMMATORY DISEASE OR A CANCER COMPRISING THE SAME,"The present invention relates to a human monoclonal antibody that specifically binds to VCAM-1, and a therapeutic composition for the treatment of inflammatory disease or cancer comprising the same. The human monoclonal antibody according to the present invention shows a strong affinity to VCAM-1 expressed on human or mouse endothelial cell, effectively inhibits leukocyte adhesion to activated endothelial cells expressing VCAM-1, and shows a low immunogenicity, thereby being used for the treatment of cancer or inflammatory disease such as asthma, rhinitis, arthritis, multiple sclerosis, bowel disease, arteriosclerosis, myocardial infarction and transplant rejection.",HANWHA CHEMICAL CORP;;LEE JUNGTAE;;MOON KYUNGDUK;;YOON JIYONG;;SUNG BYUNGJE;;LEE DONGHEON;;LEE ILSUN;;LEE DONGEUN;;RYU SUYEON;;PARK YOUNGWOO;;CHOI SO-YOUNG;;PARK JIHYUN;;JANG MYEOUNGHEE,LEE JUNGTAE;;MOON KYUNGDUK;;YOON JIYONG;;SUNG BYUNGJE;;LEE DONGHEON;;LEE ILSUN;;LEE DONGEUN;;RYU SUYEON;;PARK YOUNGWOO;;CHOI SO-YOUNG;;PARK JIHYUN;;JANG MYEOUNGHEE,,https://lens.org/182-957-709-485-318,Search Report,yes,2,0,12,024-987-542-561-232;;137-244-149-505-672;;182-957-709-485-318;;050-371-205-831-200;;071-022-245-302-756;;046-217-419-041-714;;126-520-966-939-883;;054-571-493-464-610;;008-476-450-172-77X;;084-088-844-694-468;;036-020-416-645-975;;085-378-116-832-836,US;;WO;;CN;;JP;;KR;;BR;;EP,12,024-987-542-561-232;;137-244-149-505-672;;182-957-709-485-318;;050-371-205-831-200;;071-022-245-302-756;;046-217-419-041-714;;126-520-966-939-883;;054-571-493-464-610;;008-476-450-172-77X;;084-088-844-694-468;;036-020-416-645-975;;085-378-116-832-836,US;;WO;;CN;;JP;;KR;;BR;;EP,38,C07K16/2836;;A61K2039/505;;A61P1/00;;A61P1/04;;A61P9/10;;A61P11/02;;A61P11/06;;A61P19/00;;A61P25/00;;A61P29/00;;A61P35/00;;A61P37/06;;A61P37/08;;C07K14/70542;;C07K2317/21;;C07K2317/33;;C07K2317/56;;C07K2317/565;;C07K2317/567;;C07K2317/622;;C07K2317/76;;C07K2317/92;;C07K2317/94;;C07K2319/30;;C07K16/2836;;A61K2039/505;;C07K14/70542;;C07K2317/21;;C07K2317/33;;C07K2317/56;;C07K2317/565;;C07K2317/567;;C07K2317/622;;C07K2317/76;;C07K2317/92;;C07K2317/94;;C07K2319/30,C07K16/18;;A61K39/395;;A61P35/00,,3,3,009-326-889-091-346;;003-006-920-483-137;;013-648-325-867-31X,9307060;;10.1016/s0161-5890(97)00042-4;;10.1182/blood.v96.10.3601;;11071660;;10.1152/ajpcell.00048.2003;;12700137,"MUELLER, J. P. ET AL.: ""Humanized porcine VCAM-specific monoclonal antibodie s with chimeric IgG2/G4 constant regions block human leukocyte binding to porcine endothelial cells"", MOLECULAR IMMUNOLOGY, vol. 34, no. 6, April 1997 (1997-04-01), pages 441 - 452, XP002988985;;LARBI, Y. ET AL.: ""VCAM-1 has a tissue-specific role in mediating interleuk in-4-induced eosinophil accumulation in rat models: evidence for a dissociation between endothelial-cell VCAM-1 expression and a functional role in eosipophil migration"", BLOOD, vol. 96, no. 10, 15 November 2000 (2000-11-15), pages 3601 - 3609, XP008160211;;WETERING, S. ET AL.: ""VCAM-1-mediated Rac signaling controls endothelial cel 1-cell contacts and leukocyte transmigration"", AM. J. PHYSIOL. CELL. PHYSIOL., vol. 285, 16 April 2003 (2003-04-16), pages C343 - C352, XP008160217",PENDING
8,EP,A2,EP 4249511 A2,154-163-894-492-252,2023-09-27,2023,23157726.3,2019-08-21,CN 2018101547 W;;CN 2019087943 W;;EP 19851296 A;;CN 2019101747 W,2018-08-21,ANTI-PD-L1/ANTI-LAG3 BISPECIFIC ANTIBODIES AND USES THEREOF,"The present disclosure provides an anti-PD-L1 /anti-LAG3 bispecific antibody capable to effectively block the interactions between PD-L1 and its receptor PD-1 and between LAG3 and its ligand (e.g., a MHC class II molecule and FGL1). The bispecific antibody may have high binding affinity to both of a PD-L1 protein (e.g., a human PD-L1 protein) and a LAG3 protein (e.g., a human LAG3 protein). Also provided are antibodies and fragments that have specificity to the PD-L1 or LAG3 protein alone, or antibodies and fragments having additional specificity to one or more other antigens.",I MAB BIOPHARMA HANGZHOU CO LTD,PARK EUNYOUNG;;LEE YANGSOON;;JUNG UIJUNG;;KIM YOUNGKWANG;;KIM YEUN JU;;PAK YOUNGDON;;LEE SANG HOON;;YOU WEON-KYOO;;JUNG JAEHO;;FANG LEI;;JIANG WENQING,,https://lens.org/154-163-894-492-252,Patent Application,yes,20,0,17,150-219-437-818-91X;;056-525-255-517-137;;093-935-086-656-868;;091-611-100-976-515;;018-639-834-290-675;;035-535-701-536-934;;120-896-915-709-671;;080-895-580-739-399;;193-034-239-948-069;;199-399-867-070-920;;191-411-230-291-652;;106-231-331-861-983;;020-055-427-717-881;;164-042-249-631-40X;;154-163-894-492-252;;038-228-953-189-819;;050-222-091-221-48X,US;;CN;;WO;;JP;;AU;;CA;;BR;;KR;;EP,19,150-219-437-818-91X;;137-017-314-540-229;;056-525-255-517-137;;093-935-086-656-868;;091-611-100-976-515;;018-639-834-290-675;;035-535-701-536-934;;193-034-239-948-069;;120-896-915-709-671;;080-895-580-739-399;;199-399-867-070-920;;191-411-230-291-652;;106-231-331-861-983;;020-055-427-717-881;;164-042-249-631-40X;;038-228-953-189-819;;154-163-894-492-252;;050-222-091-221-48X;;086-032-903-081-750,US;;CN;;WO;;JP;;AU;;CA;;BR;;KR;;EP,581,C07K16/2827;;A61K2039/505;;A61P31/00;;A61P35/00;;A61P35/02;;C07K16/2803;;C07K2317/24;;C07K2317/31;;C07K2317/565;;A61P35/00;;A61K2039/505;;C07K16/2803;;C07K16/2818;;C07K16/2827;;C07K2317/24;;C07K2317/33;;C07K2317/34;;C07K2317/55;;C07K2317/56;;C07K2317/565;;C07K2317/622;;C07K2317/73;;C07K2317/76;;C07K2317/92;;C07K2317/94;;C07K16/2827;;A61K2039/505;;A61P35/00;;C07K16/2803;;C07K2317/24;;C07K2317/31;;C07K2317/565;;C07K2317/73;;C07K2317/92;;C07K16/2827;;A61K2039/505;;A61P35/00;;C07K2317/31;;C07K2317/565;;C07K2317/76,C07K16/28,,11,5,050-959-366-576-084;;049-134-753-209-354;;013-795-151-218-458;;022-890-295-989-907;;042-300-184-457-556,8502296;;10.1038/363446a0;;3681981;;10.1016/0022-2836(87)90412-8;;9780179;;10.4049/jimmunol.161.8.4083;;10.1006/jmbi.1998.1653;;9571064;;20421648;;10.4049/jimmunol.0903879,"""GenBank"", Database accession no. NP_001300958.1;;""GenBan k"", Database accession no. NP_001300958.1;;""Current Protocols in Molecular Biology"", 2007;;HAMERS-CASTERMAN ET AL., NATURE, vol. 363, 1993, pages 446 - 448;;KABAT, E. ET AL.: ""Sequences of Proteins of Immunological Interest"", 1983, U.S. DEPARTMENT OF HEALTH AND HUMAN SERVICES;;CHOTHIA ET AL., J. MOL. BIOL., vol. 196, 1987, pages 901 - 917;;ROUX ET AL., J. IMMUNOL, vol. 161, 1998, pages 4083;;CHOTHIA ET AL., J. MOL. BIOL., vol. 278, 1998, pages 457 - 479;;JOURNAL OF IMMUNOLOGY, vol. 184, 2010, pages 6545 - 51;;ANGAL ET AL., MOL. IMMUNOL., vol. 30, pages 105 - 108;;CELL, vol. 176, 2019, pages 1 - 14",PENDING
9,AU,A1,AU 2020/320349 A1,132-434-724-925-434,2022-02-17,2022,2020320349,2020-07-27,US 201962878977 P;;KR 2020009870 W,2019-07-26,Anti-EGFR/anti-4-1BB bispecific antibody and use thereof,"Provided are an anti-4-1BB/anti-EGFR bispecific antibody, and a pharmaceutical composition and a method for treating and/or preventing a cancer using the same.",YUHAN CORP,YONG YERYOUNG;;JUNG UI-JUNG;;CHUNG HYEJIN;;PARK KYEONGSU;;SON WONJUN;;LEE YANGSOON;;KIM YEUNJU;;SUNG EUNSIL;;KIM YOUNGKWANG;;PAK YOUNGDON;;PARK MINJI;;EOM JAEHYUN;;CHOI HYOJU;;SONG MOO YOUNG;;LEE NA RAE;;PARK YOUNG BONG;;LEE EUN-JUNG;;LEE EUN-JUNG,YUHAN CORPORATION (2025-06-05),https://lens.org/132-434-724-925-434,Patent Application,no,0,0,18,189-552-536-322-367;;017-208-038-147-543;;132-434-724-925-434;;046-548-139-465-762;;140-866-715-621-745;;019-797-888-511-082;;183-196-516-822-210;;022-929-365-143-807;;030-320-239-529-995;;093-864-033-646-927;;098-014-177-260-012;;165-733-792-710-790;;155-122-917-335-205;;064-158-769-730-267;;131-228-027-276-463;;100-129-596-517-804;;065-961-519-830-328;;125-786-788-355-894,ZA;;US;;MX;;CN;;WO;;JP;;AU;;CA;;BR;;KR;;EP,18,189-552-536-322-367;;017-208-038-147-543;;132-434-724-925-434;;046-548-139-465-762;;140-866-715-621-745;;019-797-888-511-082;;183-196-516-822-210;;022-929-365-143-807;;030-320-239-529-995;;093-864-033-646-927;;098-014-177-260-012;;165-733-792-710-790;;155-122-917-335-205;;064-158-769-730-267;;131-228-027-276-463;;100-129-596-517-804;;065-961-519-830-328;;125-786-788-355-894,ZA;;US;;MX;;CN;;WO;;JP;;AU;;CA;;BR;;KR;;EP,0,C07K16/2878;;A61K2039/505;;A61P35/00;;A61P37/04;;C07K16/2863;;C07K2317/21;;C07K2317/24;;C07K2317/31;;C07K2317/51;;C07K2317/515;;C07K2317/56;;C07K2317/565;;C07K2317/622;;C07K2317/73;;A61P35/00;;A61K2039/505;;C07K16/2863;;C07K16/2878;;C07K2317/21;;C07K2317/31;;C07K2317/622;;C07K2317/64;;C07K2317/71;;C07K2317/73;;C07K2317/732;;C07K2317/75;;C07K2317/92;;C07K16/2878;;A61K2039/505;;A61P35/00;;C07K16/2863;;C07K2317/31;;C07K2317/622;;C07K2317/73;;C07K2317/92;;C07K16/2863;;A61K39/39541;;A61K2039/505;;C07K16/2878;;C07K2317/24;;C07K2317/31;;C07K2317/565;;C07K2317/622;;C07K2317/732;;C07K2317/75;;C07K2317/76,C07K16/28;;A61K39/00;;A61P35/00;;A61P37/04,,0,0,,,,PENDING
10,EP,A4,EP 4004054 A4,183-944-201-182-627,2023-10-25,2023,20848659.7,2020-07-27,US 201962878951 P;;US 202063024608 P;;KR 2020009871 W,2019-07-26,ANTI-HER2/ANTI-4-1BB BISPECIFIC ANTIBODY AND USE THEREOF,,YUHAN CORP,CHUNG HYEJIN;;YONG YERYOUNG;;PARK KYEONGSU;;PARK EUNYOUNG;;JUNG UI-JUNG;;LEE YANGSOON;;KIM EUNJUNG;;SON YONG-GYU;;SON WONJUN;;AHN SEAWON;;YEOM DONGHOON;;LEE CHANMOO;;HONG JUNGHYEON;;SONG MOO YOUNG;;LEE EUN-JUNG;;LEE NA RAE;;PARK YOUNG BONG;;LEE EUN-JUNG;;KIM TAEWANG,YUHAN CORPORATION (2022-11-16),https://lens.org/183-944-201-182-627,Search Report,no,3,0,22,188-356-023-697-88X;;129-715-341-697-473;;197-272-590-451-171;;125-578-304-031-783;;000-189-665-510-091;;139-740-815-878-311;;183-944-201-182-627;;191-371-643-582-833;;160-335-687-836-302;;159-691-059-043-147;;061-475-805-396-527;;058-589-912-640-211;;065-075-094-026-839;;038-758-685-935-771;;016-381-857-093-043;;136-826-228-449-668;;047-888-407-365-635;;028-050-607-691-138;;162-801-701-807-443;;077-925-376-015-410;;063-100-734-423-736;;133-562-909-893-339,ZA;;US;;MX;;CN;;WO;;JP;;AU;;BR;;KR;;CA;;EP,22,188-356-023-697-88X;;129-715-341-697-473;;016-381-857-093-043;;125-578-304-031-783;;000-189-665-510-091;;139-740-815-878-311;;183-944-201-182-627;;191-371-643-582-833;;065-075-094-026-839;;159-691-059-043-147;;061-475-805-396-527;;058-589-912-640-211;;160-335-687-836-302;;197-272-590-451-171;;038-758-685-935-771;;136-826-228-449-668;;047-888-407-365-635;;028-050-607-691-138;;162-801-701-807-443;;077-925-376-015-410;;063-100-734-423-736;;133-562-909-893-339,ZA;;US;;MX;;WO;;CN;;JP;;AU;;BR;;KR;;CA;;EP,0,C07K16/2878;;A61K2039/505;;A61P35/00;;A61P37/04;;C07K16/2863;;C07K16/32;;C07K16/40;;C07K2317/31;;C07K2317/51;;C07K2317/515;;C07K2317/56;;C07K2317/565;;C07K2317/622;;C07K2317/73;;A61P35/00;;A61K2039/505;;C07K16/2878;;C07K16/32;;C07K2317/31;;C07K2317/622;;C07K2317/73;;C07K2317/75;;C07K2317/92;;C07K16/2878;;A61K2039/505;;A61P35/00;;C07K16/32;;C07K2317/31;;C07K2317/622;;C07K2317/73;;C07K2317/92;;C07K16/32;;A61K2039/505;;A61P35/00;;C07K16/2878;;C07K2317/21;;C07K2317/31;;C07K2317/51;;C07K2317/515;;C07K2317/56;;C07K2317/565;;C07K2317/622;;C07K2317/92,C07K16/28;;A61K39/00;;A61P35/00;;A61P37/04;;C07K16/32,,3,1,040-104-300-480-868,29118009;;10.1182/blood-2017-06-741041,"CHESTER CARIAD ET AL: ""Review Series THERAPEUTIC ANTIBODIES Immunotherapy targeting 4-1BB: mechanistic rationale, clinical results, and future strategies"", 4 January 2018 (2018-01-04), pages 1 - 9, XP093053452, Retrieved from the Internet <URL:https://pubmed.ncbi.nlm.nih.gov/29118009/> [retrieved on 20230612];;SUBMITTED A B ET AL: ""History of Changes for Study: NCT03330561 Study Record Versions None (earliest Version on record) 2 December 1, 2017 Contacts/Locations and Study Status 3 February 13, 2018 Contacts/Locations and Study Status History of Changes for Study: NCT03330561 PRS-343 in HER2-Positive Solid Tumors Study NCT03"", RECRUITMENT STATUS, STUDY STATUS AND CONTACTS/LOCATIONS 11 JANUARY 18, 23 April 2019 (2019-04-23), pages 1 - 6, XP093053393, Retrieved from the Internet <URL:https://clinicaltrials.gov/ct2/history/NCT03330561?V_7=View#StudyPageTop> [retrieved on 20230612];;See references of WO 2021020846A1",PENDING
